{
  "loss": 1.6242762804031372,
  "mean_squared_error": 1.6242762804031372,
  "mean_absolute_error": 0.9669893383979797,
  "val_loss": 1.9294027090072632,
  "val_mean_squared_error": 1.9294027090072632,
  "val_mean_absolute_error": 1.1223169565200806,
  "epoch": 33,
  "global_step": 5100
}