{
  "loss": 0.891262412071228,
  "mean_squared_error": 0.891262412071228,
  "mean_absolute_error": 0.7138899564743042,
  "val_loss": 0.9379095435142517,
  "val_mean_squared_error": 0.9379095435142517,
  "val_mean_absolute_error": 0.7157334089279175,
  "epoch": 39,
  "global_step": 6000
}