{
  "loss": 1.1920654773712158,
  "mean_squared_error": 1.1920654773712158,
  "mean_absolute_error": 0.8056860566139221,
  "val_loss": 1.838375210762024,
  "val_mean_squared_error": 1.838375210762024,
  "val_mean_absolute_error": 1.0017749071121216,
  "epoch": 40,
  "global_step": 6150
}