{
  "loss": 1.0480324029922485,
  "mean_squared_error": 1.0480324029922485,
  "mean_absolute_error": 0.7859418392181396,
  "val_loss": 0.9886018633842468,
  "val_mean_squared_error": 0.9886018633842468,
  "val_mean_absolute_error": 0.7724434733390808,
  "epoch": 39,
  "global_step": 6000
}