{
  "loss": 1.3142342567443848,
  "mean_squared_error": 1.3142342567443848,
  "mean_absolute_error": 0.868486225605011,
  "val_loss": 1.3760565519332886,
  "val_mean_squared_error": 1.3760565519332886,
  "val_mean_absolute_error": 0.9011607766151428,
  "epoch": 37,
  "global_step": 5700
}