{
  "loss": 0.8452726006507874,
  "mean_squared_error": 0.8452726006507874,
  "mean_absolute_error": 0.7017841935157776,
  "val_loss": 0.7658970355987549,
  "val_mean_squared_error": 0.7658970355987549,
  "val_mean_absolute_error": 0.6414251923561096,
  "epoch": 48,
  "global_step": 7350
}