{
  "loss": 42.07210922241211,
  "mean_squared_error": 42.07210922241211,
  "mean_absolute_error": 4.394044399261475,
  "val_loss": 37.57497787475586,
  "val_mean_squared_error": 37.57497787475586,
  "val_mean_absolute_error": 3.941783905029297,
  "epoch": 6,
  "global_step": 1050
}