{
  "loss": 136.91912841796875,
  "mean_squared_error": 136.91912841796875,
  "mean_absolute_error": 8.274035453796387,
  "val_loss": 77.48995971679688,
  "val_mean_squared_error": 77.48995971679688,
  "val_mean_absolute_error": 5.862562656402588,
  "epoch": 1,
  "global_step": 300
}