{
  "loss": 0.8411476612091064,
  "mean_squared_error": 0.8411476612091064,
  "mean_absolute_error": 0.6904548406600952,
  "val_loss": 0.661620557308197,
  "val_mean_squared_error": 0.661620557308197,
  "val_mean_absolute_error": 0.6132681369781494,
  "epoch": 48,
  "global_step": 7350
}