{
  "loss": 1.0526522397994995,
  "mean_squared_error": 1.0526522397994995,
  "mean_absolute_error": 0.766592264175415,
  "val_loss": 1.2341737747192383,
  "val_mean_squared_error": 1.2341737747192383,
  "val_mean_absolute_error": 0.8303076028823853,
  "epoch": 38,
  "global_step": 5850
}