{
  "loss": 125.58662414550781,
  "mean_squared_error": 125.58662414550781,
  "mean_absolute_error": 7.845200061798096,
  "val_loss": 121.01648712158203,
  "val_mean_squared_error": 121.01648712158203,
  "val_mean_absolute_error": 7.885838985443115,
  "epoch": 1,
  "global_step": 300
}