{
  "loss": 1.6331521272659302,
  "mean_squared_error": 1.6331521272659302,
  "mean_absolute_error": 0.9312859177589417,
  "val_loss": 1.802592158317566,
  "val_mean_squared_error": 1.802592158317566,
  "val_mean_absolute_error": 1.0223820209503174,
  "epoch": 42,
  "global_step": 6450
}