{
  "loss": 0.705888032913208,
  "mean_squared_error": 0.705888032913208,
  "mean_absolute_error": 0.6339530348777771,
  "val_loss": 0.9131892919540405,
  "val_mean_squared_error": 0.9131892919540405,
  "val_mean_absolute_error": 0.7473273277282715,
  "epoch": 42,
  "global_step": 6450
}