{
  "loss": 1.2650667428970337,
  "mean_squared_error": 1.2650667428970337,
  "mean_absolute_error": 0.8586940765380859,
  "val_loss": 1.2931281328201294,
  "val_mean_squared_error": 1.2931281328201294,
  "val_mean_absolute_error": 0.8511139750480652,
  "epoch": 43,
  "global_step": 6600
}