{
  "loss": 1.2901933193206787,
  "mean_squared_error": 1.2901933193206787,
  "mean_absolute_error": 0.8592854738235474,
  "val_loss": 1.3909207582473755,
  "val_mean_squared_error": 1.3909207582473755,
  "val_mean_absolute_error": 0.8589547872543335,
  "epoch": 48,
  "global_step": 7350
}