{
  "loss": 1.195112943649292,
  "mean_squared_error": 1.195112943649292,
  "mean_absolute_error": 0.813277006149292,
  "val_loss": 1.4482349157333374,
  "val_mean_squared_error": 1.4482349157333374,
  "val_mean_absolute_error": 0.898501455783844,
  "epoch": 46,
  "global_step": 7050
}