{
  "loss": 1.696128487586975,
  "mean_squared_error": 1.696128487586975,
  "mean_absolute_error": 0.9740334153175354,
  "val_loss": 1.9022092819213867,
  "val_mean_squared_error": 1.9022092819213867,
  "val_mean_absolute_error": 1.038156270980835,
  "epoch": 24,
  "global_step": 3750
}