{
  "loss": 0.7522159218788147,
  "mean_squared_error": 0.7522159218788147,
  "mean_absolute_error": 0.6593101620674133,
  "val_loss": 0.6468474268913269,
  "val_mean_squared_error": 0.6468474268913269,
  "val_mean_absolute_error": 0.565975546836853,
  "epoch": 47,
  "global_step": 7200
}