{
  "loss": 2.7477409839630127,
  "mean_squared_error": 2.7477409839630127,
  "mean_absolute_error": 1.2221277952194214,
  "val_loss": 2.557149887084961,
  "val_mean_squared_error": 2.557149887084961,
  "val_mean_absolute_error": 1.188207745552063,
  "epoch": 34,
  "global_step": 5250
}