{
  "loss": 0.7226001024246216,
  "mean_squared_error": 0.7226001024246216,
  "mean_absolute_error": 0.650337278842926,
  "val_loss": 0.6720355749130249,
  "val_mean_squared_error": 0.6720355749130249,
  "val_mean_absolute_error": 0.6124914288520813,
  "epoch": 49,
  "global_step": 7500
}