{
  "loss": 33.61006164550781,
  "mean_squared_error": 33.61006164550781,
  "mean_absolute_error": 4.005789756774902,
  "val_loss": 30.92926788330078,
  "val_mean_squared_error": 30.92926788330078,
  "val_mean_absolute_error": 3.8251326084136963,
  "epoch": 6,
  "global_step": 1050
}