{
  "loss": 0.8738963603973389,
  "mean_squared_error": 0.8738963603973389,
  "mean_absolute_error": 0.6972113251686096,
  "val_loss": 0.8961315155029297,
  "val_mean_squared_error": 0.8961315155029297,
  "val_mean_absolute_error": 0.7101592421531677,
  "epoch": 47,
  "global_step": 7200
}