{
  "loss": 5.136190414428711,
  "mean_squared_error": 5.136190414428711,
  "mean_absolute_error": 1.6452785730361938,
  "val_loss": 4.705413341522217,
  "val_mean_squared_error": 4.705413341522217,
  "val_mean_absolute_error": 1.563340663909912,
  "epoch": 24,
  "global_step": 3750
}