{
  "loss": 0.8277512788772583,
  "mean_squared_error": 0.8277512788772583,
  "mean_absolute_error": 0.6943144798278809,
  "val_loss": 0.8731472492218018,
  "val_mean_squared_error": 0.8731472492218018,
  "val_mean_absolute_error": 0.6825462579727173,
  "epoch": 41,
  "global_step": 6300
}