{
  "loss": 1.0314186811447144,
  "mean_squared_error": 1.0314186811447144,
  "mean_absolute_error": 0.7680530548095703,
  "val_loss": 1.1530910730361938,
  "val_mean_squared_error": 1.1530910730361938,
  "val_mean_absolute_error": 0.8197259306907654,
  "epoch": 34,
  "global_step": 5250
}