{
  "loss": 0.8006566166877747,
  "mean_squared_error": 0.8006566166877747,
  "mean_absolute_error": 0.680983304977417,
  "val_loss": 0.7875043749809265,
  "val_mean_squared_error": 0.7875043749809265,
  "val_mean_absolute_error": 0.6696062088012695,
  "epoch": 49,
  "global_step": 7500
}