{
  "loss": 1.0396032333374023,
  "mean_squared_error": 1.0396032333374023,
  "mean_absolute_error": 0.7686454057693481,
  "val_loss": 0.9308990240097046,
  "val_mean_squared_error": 0.9308990240097046,
  "val_mean_absolute_error": 0.6959810256958008,
  "epoch": 34,
  "global_step": 5250
}