{
  "loss": 0.8900493383407593,
  "mean_squared_error": 0.8900493383407593,
  "mean_absolute_error": 0.7178130745887756,
  "val_loss": 0.8294530510902405,
  "val_mean_squared_error": 0.8294530510902405,
  "val_mean_absolute_error": 0.7111695408821106,
  "epoch": 49,
  "global_step": 7500
}