{
  "loss": 2.7636258602142334,
  "mean_squared_error": 20.11235237121582,
  "mean_absolute_error": 2.7636258602142334,
  "val_loss": 2.7780113220214844,
  "val_mean_squared_error": 18.084976196289062,
  "val_mean_absolute_error": 2.7780113220214844,
  "epoch": 4,
  "global_step": 750
}