{
  "loss": 1.3436212539672852,
  "mean_squared_error": 1.3436212539672852,
  "mean_absolute_error": 0.8693391680717468,
  "val_loss": 1.3592697381973267,
  "val_mean_squared_error": 1.3592697381973267,
  "val_mean_absolute_error": 0.9300408959388733,
  "epoch": 49,
  "global_step": 7500
}