{
  "loss": 0.919127881526947,
  "mean_squared_error": 0.919127881526947,
  "mean_absolute_error": 0.7215869426727295,
  "val_loss": 0.9531937837600708,
  "val_mean_squared_error": 0.9531937837600708,
  "val_mean_absolute_error": 0.7191864252090454,
  "epoch": 40,
  "global_step": 6150
}