{
  "loss": 4.416443347930908,
  "mean_squared_error": 4.416443347930908,
  "mean_absolute_error": 1.5107734203338623,
  "val_loss": 4.112111568450928,
  "val_mean_squared_error": 4.112111568450928,
  "val_mean_absolute_error": 1.4727144241333008,
  "epoch": 31,
  "global_step": 4800
}