{
  "loss": 1.0668641328811646,
  "mean_squared_error": 1.0668641328811646,
  "mean_absolute_error": 0.7782723903656006,
  "val_loss": 0.9183420538902283,
  "val_mean_squared_error": 0.9183420538902283,
  "val_mean_absolute_error": 0.718888521194458,
  "epoch": 47,
  "global_step": 7200
}