{
  "loss": 1.1532659530639648,
  "mean_squared_error": 1.1532659530639648,
  "mean_absolute_error": 0.7980580925941467,
  "val_loss": 1.010554552078247,
  "val_mean_squared_error": 1.010554552078247,
  "val_mean_absolute_error": 0.7744995355606079,
  "epoch": 40,
  "global_step": 6150
}