{
  "loss": 119.74261474609375,
  "mean_squared_error": 119.74261474609375,
  "mean_absolute_error": 7.786502361297607,
  "val_loss": 100.71142578125,
  "val_mean_squared_error": 100.71142578125,
  "val_mean_absolute_error": 7.937427520751953,
  "epoch": 1,
  "global_step": 300
}