{
  "loss": 2.2739219665527344,
  "mean_squared_error": 2.2739219665527344,
  "mean_absolute_error": 1.1294362545013428,
  "val_loss": 2.3565948009490967,
  "val_mean_squared_error": 2.3565948009490967,
  "val_mean_absolute_error": 1.1758829355239868,
  "epoch": 34,
  "global_step": 5250
}