{
  "loss": 1.5903575420379639,
  "mean_squared_error": 1.5903575420379639,
  "mean_absolute_error": 0.9583210349082947,
  "val_loss": 1.5619748830795288,
  "val_mean_squared_error": 1.5619748830795288,
  "val_mean_absolute_error": 0.9866785407066345,
  "epoch": 41,
  "global_step": 6300
}