{
  "loss": 4.1159539222717285,
  "mean_squared_error": 4.1159539222717285,
  "mean_absolute_error": 1.469053864479065,
  "val_loss": 3.8403947353363037,
  "val_mean_squared_error": 3.8403947353363037,
  "val_mean_absolute_error": 1.3844538927078247,
  "epoch": 8,
  "global_step": 1350
}