{
  "loss": 1.525141954421997,
  "mean_squared_error": 1.525141954421997,
  "mean_absolute_error": 0.9458498358726501,
  "val_loss": 1.694907784461975,
  "val_mean_squared_error": 1.694907784461975,
  "val_mean_absolute_error": 0.9807291626930237,
  "epoch": 35,
  "global_step": 5400
}