{
  "loss": 0.784510612487793,
  "mean_squared_error": 0.784510612487793,
  "mean_absolute_error": 0.6754412055015564,
  "val_loss": 0.5894618630409241,
  "val_mean_squared_error": 0.5894618630409241,
  "val_mean_absolute_error": 0.5825626254081726,
  "epoch": 47,
  "global_step": 7200
}