{
  "loss": 3.4489009380340576,
  "mean_squared_error": 3.4489009380340576,
  "mean_absolute_error": 1.3890272378921509,
  "val_loss": 3.7284886837005615,
  "val_mean_squared_error": 3.7284886837005615,
  "val_mean_absolute_error": 1.4825853109359741,
  "epoch": 23,
  "global_step": 3600
}