{
  "loss": 1.2146471738815308,
  "mean_squared_error": 1.2146471738815308,
  "mean_absolute_error": 0.84303218126297,
  "val_loss": 1.1105049848556519,
  "val_mean_squared_error": 1.1105049848556519,
  "val_mean_absolute_error": 0.7694183588027954,
  "epoch": 48,
  "global_step": 7350
}