{
  "loss": 3.287057876586914,
  "mean_squared_error": 3.287057876586914,
  "mean_absolute_error": 1.342850923538208,
  "val_loss": 2.645142078399658,
  "val_mean_squared_error": 2.645142078399658,
  "val_mean_absolute_error": 1.2141603231430054,
  "epoch": 18,
  "global_step": 2850
}