{
  "loss": 1.4467915296554565,
  "mean_squared_error": 1.4467915296554565,
  "mean_absolute_error": 0.9187943339347839,
  "val_loss": 1.1418179273605347,
  "val_mean_squared_error": 1.1418179273605347,
  "val_mean_absolute_error": 0.799534022808075,
  "epoch": 41,
  "global_step": 6300
}