{
  "loss": 3.9153642654418945,
  "mean_squared_error": 3.9153642654418945,
  "mean_absolute_error": 1.4892739057540894,
  "val_loss": 3.8452091217041016,
  "val_mean_squared_error": 3.8452091217041016,
  "val_mean_absolute_error": 1.5571322441101074,
  "epoch": 20,
  "global_step": 3150
}