{
  "loss": 1.6821098327636719,
  "mean_squared_error": 1.6821098327636719,
  "mean_absolute_error": 0.9597728252410889,
  "val_loss": 1.9436484575271606,
  "val_mean_squared_error": 1.9436484575271606,
  "val_mean_absolute_error": 1.1055225133895874,
  "epoch": 38,
  "global_step": 5850
}