{
  "loss": 0.6495895385742188,
  "mean_squared_error": 0.6495895385742188,
  "mean_absolute_error": 0.6175922751426697,
  "val_loss": 0.604712724685669,
  "val_mean_squared_error": 0.604712724685669,
  "val_mean_absolute_error": 0.6036613583564758,
  "epoch": 48,
  "global_step": 7350
}