{
  "loss": 4.2847490310668945,
  "mean_squared_error": 4.2847490310668945,
  "mean_absolute_error": 1.534182071685791,
  "val_loss": 4.101744174957275,
  "val_mean_squared_error": 4.101744174957275,
  "val_mean_absolute_error": 1.5372401475906372,
  "epoch": 29,
  "global_step": 4500
}