{
  "loss": 3.231203317642212,
  "mean_squared_error": 3.231203317642212,
  "mean_absolute_error": 1.3363887071609497,
  "val_loss": 3.4864563941955566,
  "val_mean_squared_error": 3.4864563941955566,
  "val_mean_absolute_error": 1.4075757265090942,
  "epoch": 19,
  "global_step": 3000
}