{
  "loss": 2.254873752593994,
  "mean_squared_error": 2.254873752593994,
  "mean_absolute_error": 1.0993852615356445,
  "val_loss": 2.0383636951446533,
  "val_mean_squared_error": 2.0383636951446533,
  "val_mean_absolute_error": 1.0174099206924438,
  "epoch": 49,
  "global_step": 7500
}