{
  "loss": 0.9067467451095581,
  "mean_squared_error": 0.9067467451095581,
  "mean_absolute_error": 0.7246055006980896,
  "val_loss": 0.861419141292572,
  "val_mean_squared_error": 0.861419141292572,
  "val_mean_absolute_error": 0.6725203990936279,
  "epoch": 42,
  "global_step": 6450
}