{
  "loss": 4.686403274536133,
  "mean_squared_error": 4.686403274536133,
  "mean_absolute_error": 1.5757426023483276,
  "val_loss": 4.5485382080078125,
  "val_mean_squared_error": 4.5485382080078125,
  "val_mean_absolute_error": 1.600912094116211,
  "epoch": 23,
  "global_step": 3600
}