{
  "loss": 0.8667274117469788,
  "mean_squared_error": 0.8667274117469788,
  "mean_absolute_error": 0.7097654342651367,
  "val_loss": 0.7978663444519043,
  "val_mean_squared_error": 0.7978663444519043,
  "val_mean_absolute_error": 0.6825191974639893,
  "epoch": 45,
  "global_step": 6900
}