{
  "loss": 0.8264628052711487,
  "mean_squared_error": 0.8264628052711487,
  "mean_absolute_error": 0.6886921525001526,
  "val_loss": 0.6990563273429871,
  "val_mean_squared_error": 0.6990563273429871,
  "val_mean_absolute_error": 0.6164205074310303,
  "epoch": 48,
  "global_step": 7350
}