{
  "loss": 0.9169884324073792,
  "mean_squared_error": 0.9169884324073792,
  "mean_absolute_error": 0.7316505312919617,
  "val_loss": 0.8518922328948975,
  "val_mean_squared_error": 0.8518922328948975,
  "val_mean_absolute_error": 0.7015506029129028,
  "epoch": 32,
  "global_step": 4950
}