{
  "loss": 1.3588063716888428,
  "mean_squared_error": 1.3588063716888428,
  "mean_absolute_error": 0.8863856792449951,
  "val_loss": 1.8066377639770508,
  "val_mean_squared_error": 1.8066377639770508,
  "val_mean_absolute_error": 1.0452884435653687,
  "epoch": 35,
  "global_step": 5400
}