{
  "loss": 0.9703176617622375,
  "mean_squared_error": 0.9703176617622375,
  "mean_absolute_error": 0.7424826622009277,
  "val_loss": 1.0391560792922974,
  "val_mean_squared_error": 1.0391560792922974,
  "val_mean_absolute_error": 0.7300465106964111,
  "epoch": 46,
  "global_step": 7050
}