{
  "loss": 1.5992149114608765,
  "mean_squared_error": 1.5992149114608765,
  "mean_absolute_error": 0.9502203464508057,
  "val_loss": 1.5549362897872925,
  "val_mean_squared_error": 1.5549362897872925,
  "val_mean_absolute_error": 0.9345366358757019,
  "epoch": 46,
  "global_step": 7050
}