{
  "loss": 1.4890964031219482,
  "mean_squared_error": 1.4890964031219482,
  "mean_absolute_error": 0.9203636646270752,
  "val_loss": 1.3308945894241333,
  "val_mean_squared_error": 1.3308945894241333,
  "val_mean_absolute_error": 0.8672443628311157,
  "epoch": 39,
  "global_step": 6000
}