{
  "loss": 1.9153857231140137,
  "mean_squared_error": 1.9153857231140137,
  "mean_absolute_error": 1.0709377527236938,
  "val_loss": 1.4833929538726807,
  "val_mean_squared_error": 1.4833929538726807,
  "val_mean_absolute_error": 0.9262122511863708,
  "epoch": 49,
  "global_step": 7500
}