{
  "loss": 0.8959439992904663,
  "mean_squared_error": 0.8959439992904663,
  "mean_absolute_error": 0.7250673770904541,
  "val_loss": 0.7277975082397461,
  "val_mean_squared_error": 0.7277975082397461,
  "val_mean_absolute_error": 0.6360669732093811,
  "epoch": 49,
  "global_step": 7500
}