{
  "loss": 4.608983039855957,
  "mean_squared_error": 4.608983039855957,
  "mean_absolute_error": 1.5608465671539307,
  "val_loss": 4.305233001708984,
  "val_mean_squared_error": 4.305233001708984,
  "val_mean_absolute_error": 1.490402340888977,
  "epoch": 29,
  "global_step": 4500
}