{
  "loss": 0.7972772717475891,
  "mean_squared_error": 0.7972772717475891,
  "mean_absolute_error": 0.6698666214942932,
  "val_loss": 0.8179088830947876,
  "val_mean_squared_error": 0.8179088830947876,
  "val_mean_absolute_error": 0.6850817203521729,
  "epoch": 47,
  "global_step": 7200
}