{
  "loss": 3.656259059906006,
  "mean_squared_error": 3.656259059906006,
  "mean_absolute_error": 1.3998600244522095,
  "val_loss": 2.8155295848846436,
  "val_mean_squared_error": 2.8155295848846436,
  "val_mean_absolute_error": 1.2423396110534668,
  "epoch": 8,
  "global_step": 1350
}