{
  "loss": 0.8984574675559998,
  "mean_squared_error": 0.8984574675559998,
  "mean_absolute_error": 0.7174991965293884,
  "val_loss": 0.7087896466255188,
  "val_mean_squared_error": 0.7087896466255188,
  "val_mean_absolute_error": 0.6438719034194946,
  "epoch": 47,
  "global_step": 7200
}