{
  "loss": 0.8355293869972229,
  "mean_squared_error": 0.8355293869972229,
  "mean_absolute_error": 0.7023506164550781,
  "val_loss": 0.753848671913147,
  "val_mean_squared_error": 0.753848671913147,
  "val_mean_absolute_error": 0.6541225910186768,
  "epoch": 49,
  "global_step": 7500
}