{
  "loss": 1.3565832376480103,
  "mean_squared_error": 1.3565832376480103,
  "mean_absolute_error": 0.8715162873268127,
  "val_loss": 1.062740683555603,
  "val_mean_squared_error": 1.062740683555603,
  "val_mean_absolute_error": 0.8037049174308777,
  "epoch": 38,
  "global_step": 5850
}