{
  "loss": 4.155740737915039,
  "mean_squared_error": 4.155740737915039,
  "mean_absolute_error": 1.4885390996932983,
  "val_loss": 3.9939277172088623,
  "val_mean_squared_error": 3.9939277172088623,
  "val_mean_absolute_error": 1.4301007986068726,
  "epoch": 36,
  "global_step": 5550
}