{
  "loss": 3.5387215614318848,
  "mean_squared_error": 3.5387215614318848,
  "mean_absolute_error": 1.390873670578003,
  "val_loss": 3.4386913776397705,
  "val_mean_squared_error": 3.4386913776397705,
  "val_mean_absolute_error": 1.4285715818405151,
  "epoch": 38,
  "global_step": 5850
}