{
  "loss": 3.092088222503662,
  "mean_squared_error": 3.092088222503662,
  "mean_absolute_error": 1.2791019678115845,
  "val_loss": 2.8382112979888916,
  "val_mean_squared_error": 2.8382112979888916,
  "val_mean_absolute_error": 1.229209542274475,
  "epoch": 38,
  "global_step": 5850
}