{
  "loss": 2.14457631111145,
  "mean_squared_error": 2.14457631111145,
  "mean_absolute_error": 1.0916776657104492,
  "val_loss": 1.8280153274536133,
  "val_mean_squared_error": 1.8280153274536133,
  "val_mean_absolute_error": 1.0016555786132812,
  "epoch": 39,
  "global_step": 6000
}