{
  "loss": 4.457588195800781,
  "mean_squared_error": 4.457588195800781,
  "mean_absolute_error": 1.5936444997787476,
  "val_loss": 4.933129787445068,
  "val_mean_squared_error": 4.933129787445068,
  "val_mean_absolute_error": 1.5879040956497192,
  "epoch": 20,
  "global_step": 3150
}