{
  "loss": 3.4497928619384766,
  "mean_squared_error": 3.4497928619384766,
  "mean_absolute_error": 1.380043387413025,
  "val_loss": 2.9828848838806152,
  "val_mean_squared_error": 2.9828848838806152,
  "val_mean_absolute_error": 1.2368628978729248,
  "epoch": 8,
  "global_step": 1350
}