{
  "loss": 2.5523130893707275,
  "mean_squared_error": 2.5523130893707275,
  "mean_absolute_error": 1.1672284603118896,
  "val_loss": 2.373868227005005,
  "val_mean_squared_error": 2.373868227005005,
  "val_mean_absolute_error": 1.0727334022521973,
  "epoch": 49,
  "global_step": 7500
}