{
  "loss": 0.9540468454360962,
  "mean_squared_error": 0.9540468454360962,
  "mean_absolute_error": 0.7380757927894592,
  "val_loss": 0.9456223845481873,
  "val_mean_squared_error": 0.9456223845481873,
  "val_mean_absolute_error": 0.7298135161399841,
  "epoch": 49,
  "global_step": 7500
}