{
  "loss": 1.549304723739624,
  "mean_squared_error": 1.549304723739624,
  "mean_absolute_error": 0.9308657646179199,
  "val_loss": 1.6380826234817505,
  "val_mean_squared_error": 1.6380826234817505,
  "val_mean_absolute_error": 0.9619942307472229,
  "epoch": 36,
  "global_step": 5550
}