{
  "loss": 1.3777289390563965,
  "mean_squared_error": 1.3777289390563965,
  "mean_absolute_error": 0.8768805861473083,
  "val_loss": 1.40119469165802,
  "val_mean_squared_error": 1.40119469165802,
  "val_mean_absolute_error": 0.8335527777671814,
  "epoch": 47,
  "global_step": 7200
}