{
  "loss": 1.346200942993164,
  "mean_squared_error": 1.346200942993164,
  "mean_absolute_error": 0.8684804439544678,
  "val_loss": 0.9004042744636536,
  "val_mean_squared_error": 0.9004042744636536,
  "val_mean_absolute_error": 0.7113358974456787,
  "epoch": 34,
  "global_step": 5250
}