{
  "loss": 0.8088125586509705,
  "mean_squared_error": 0.8088125586509705,
  "mean_absolute_error": 0.6880524754524231,
  "val_loss": 0.9500484466552734,
  "val_mean_squared_error": 0.9500484466552734,
  "val_mean_absolute_error": 0.716552734375,
  "epoch": 45,
  "global_step": 6900
}