{
  "loss": 0.858523428440094,
  "mean_squared_error": 0.858523428440094,
  "mean_absolute_error": 0.7029129266738892,
  "val_loss": 0.6416608095169067,
  "val_mean_squared_error": 0.6416608095169067,
  "val_mean_absolute_error": 0.6136607527732849,
  "epoch": 49,
  "global_step": 7500
}