{
  "loss": 1.8497796058654785,
  "mean_squared_error": 1.8497796058654785,
  "mean_absolute_error": 0.9908344745635986,
  "val_loss": 1.623734474182129,
  "val_mean_squared_error": 1.623734474182129,
  "val_mean_absolute_error": 0.9571049809455872,
  "epoch": 48,
  "global_step": 7350
}