{
  "loss": 0.5640620589256287,
  "mean_squared_error": 0.5640620589256287,
  "mean_absolute_error": 0.5708022713661194,
  "val_loss": 0.6242838501930237,
  "val_mean_squared_error": 0.6242838501930237,
  "val_mean_absolute_error": 0.602024257183075,
  "epoch": 47,
  "global_step": 7200
}