{
  "loss": 2.880096912384033,
  "mean_squared_error": 2.880096912384033,
  "mean_absolute_error": 1.2691810131072998,
  "val_loss": 3.083468198776245,
  "val_mean_squared_error": 3.083468198776245,
  "val_mean_absolute_error": 1.3260215520858765,
  "epoch": 22,
  "global_step": 3450
}