{
  "loss": 2.1472160816192627,
  "mean_squared_error": 2.1472160816192627,
  "mean_absolute_error": 1.0971378087997437,
  "val_loss": 2.003723621368408,
  "val_mean_squared_error": 2.003723621368408,
  "val_mean_absolute_error": 1.0535454750061035,
  "epoch": 28,
  "global_step": 4350
}