{
  "loss": 1.3482258319854736,
  "mean_squared_error": 1.3482258319854736,
  "mean_absolute_error": 0.8891912698745728,
  "val_loss": 1.2507648468017578,
  "val_mean_squared_error": 1.2507648468017578,
  "val_mean_absolute_error": 0.8828535676002502,
  "epoch": 43,
  "global_step": 6600
}