{
  "loss": 1.3745616674423218,
  "mean_squared_error": 1.3745616674423218,
  "mean_absolute_error": 0.8959195017814636,
  "val_loss": 1.510752558708191,
  "val_mean_squared_error": 1.510752558708191,
  "val_mean_absolute_error": 0.9542279243469238,
  "epoch": 41,
  "global_step": 6300
}