{
  "loss": 1.5616735219955444,
  "mean_squared_error": 1.5616735219955444,
  "mean_absolute_error": 0.9503635764122009,
  "val_loss": 1.3949081897735596,
  "val_mean_squared_error": 1.3949081897735596,
  "val_mean_absolute_error": 0.8732160329818726,
  "epoch": 42,
  "global_step": 6450
}