{
  "loss": 0.994147539138794,
  "mean_squared_error": 0.994147539138794,
  "mean_absolute_error": 0.7610228061676025,
  "val_loss": 1.0600260496139526,
  "val_mean_squared_error": 1.0600260496139526,
  "val_mean_absolute_error": 0.76756751537323,
  "epoch": 45,
  "global_step": 6900
}