{
  "loss": 2.0459959506988525,
  "mean_squared_error": 2.0459959506988525,
  "mean_absolute_error": 1.0587719678878784,
  "val_loss": 1.8775951862335205,
  "val_mean_squared_error": 1.8775951862335205,
  "val_mean_absolute_error": 1.0241124629974365,
  "epoch": 28,
  "global_step": 4350
}