{
  "loss": 3.7058496475219727,
  "mean_squared_error": 3.7058496475219727,
  "mean_absolute_error": 1.4318407773971558,
  "val_loss": 3.5391507148742676,
  "val_mean_squared_error": 3.5391507148742676,
  "val_mean_absolute_error": 1.4114149808883667,
  "epoch": 20,
  "global_step": 3150
}