{
  "loss": 2.2995800971984863,
  "mean_squared_error": 2.2995800971984863,
  "mean_absolute_error": 1.1358764171600342,
  "val_loss": 2.0818071365356445,
  "val_mean_squared_error": 2.0818071365356445,
  "val_mean_absolute_error": 1.0825155973434448,
  "epoch": 30,
  "global_step": 4650
}