{
  "loss": 2.1841108798980713,
  "mean_squared_error": 2.1841108798980713,
  "mean_absolute_error": 1.1029229164123535,
  "val_loss": 2.2121050357818604,
  "val_mean_squared_error": 2.2121050357818604,
  "val_mean_absolute_error": 1.1090632677078247,
  "epoch": 42,
  "global_step": 6450
}