{
  "loss": 3.829612970352173,
  "mean_squared_error": 3.829612970352173,
  "mean_absolute_error": 1.4414695501327515,
  "val_loss": 4.160660743713379,
  "val_mean_squared_error": 4.160660743713379,
  "val_mean_absolute_error": 1.4713134765625,
  "epoch": 25,
  "global_step": 3900
}