{
  "loss": 0.8400027751922607,
  "mean_squared_error": 0.8400027751922607,
  "mean_absolute_error": 0.6819198131561279,
  "val_loss": 0.6827021241188049,
  "val_mean_squared_error": 0.6827021241188049,
  "val_mean_absolute_error": 0.6183279156684875,
  "epoch": 49,
  "global_step": 7500
}