{
  "loss": 1.2442269325256348,
  "mean_squared_error": 1.2442269325256348,
  "mean_absolute_error": 0.8373222351074219,
  "val_loss": 1.2504016160964966,
  "val_mean_squared_error": 1.2504016160964966,
  "val_mean_absolute_error": 0.8479908108711243,
  "epoch": 33,
  "global_step": 5100
}