{
  "loss": 0.8385466933250427,
  "mean_squared_error": 0.8385466933250427,
  "mean_absolute_error": 0.694364070892334,
  "val_loss": 0.7265055179595947,
  "val_mean_squared_error": 0.7265055179595947,
  "val_mean_absolute_error": 0.6558424830436707,
  "epoch": 47,
  "global_step": 7200
}