{
  "loss": 0.9642221331596375,
  "mean_squared_error": 0.9642221331596375,
  "mean_absolute_error": 0.7466244101524353,
  "val_loss": 0.8732800483703613,
  "val_mean_squared_error": 0.8732800483703613,
  "val_mean_absolute_error": 0.6758719086647034,
  "epoch": 48,
  "global_step": 7350
}