{
  "loss": 1.2662793397903442,
  "mean_squared_error": 1.2662793397903442,
  "mean_absolute_error": 0.8322485089302063,
  "val_loss": 1.1717767715454102,
  "val_mean_squared_error": 1.1717767715454102,
  "val_mean_absolute_error": 0.7672531604766846,
  "epoch": 49,
  "global_step": 7500
}