{
  "loss": 0.9954351782798767,
  "mean_squared_error": 0.9954351782798767,
  "mean_absolute_error": 0.7579575181007385,
  "val_loss": 0.8484879732131958,
  "val_mean_squared_error": 0.8484879732131958,
  "val_mean_absolute_error": 0.7146798372268677,
  "epoch": 39,
  "global_step": 6000
}