{
  "loss": 0.4688798487186432,
  "mean_squared_error": 0.4688798487186432,
  "mean_absolute_error": 0.5260909795761108,
  "val_loss": 0.42967915534973145,
  "val_mean_squared_error": 0.42967915534973145,
  "val_mean_absolute_error": 0.49283477663993835,
  "epoch": 49,
  "global_step": 7500
}