{
  "loss": 4.805136680603027,
  "mean_squared_error": 4.805136680603027,
  "mean_absolute_error": 1.6006603240966797,
  "val_loss": 4.229494571685791,
  "val_mean_squared_error": 4.229494571685791,
  "val_mean_absolute_error": 1.5152772665023804,
  "epoch": 28,
  "global_step": 4350
}