{
  "loss": 0.8701182007789612,
  "mean_squared_error": 0.8701182007789612,
  "mean_absolute_error": 0.7021323442459106,
  "val_loss": 0.7830610871315002,
  "val_mean_squared_error": 0.7830610871315002,
  "val_mean_absolute_error": 0.6640589237213135,
  "epoch": 46,
  "global_step": 7050
}