{
  "loss": 0.6267909407615662,
  "mean_squared_error": 0.6267909407615662,
  "mean_absolute_error": 0.5990388989448547,
  "val_loss": 0.47587209939956665,
  "val_mean_squared_error": 0.47587209939956665,
  "val_mean_absolute_error": 0.5212251543998718,
  "epoch": 49,
  "global_step": 7500
}