{
  "loss": 43.13141632080078,
  "mean_squared_error": 43.13141632080078,
  "mean_absolute_error": 4.384101390838623,
  "val_loss": 40.044864654541016,
  "val_mean_squared_error": 40.044864654541016,
  "val_mean_absolute_error": 4.04941987991333,
  "epoch": 6,
  "global_step": 1050
}