{
  "loss": 1.6112699508666992,
  "mean_squared_error": 1.6112699508666992,
  "mean_absolute_error": 0.9526582956314087,
  "val_loss": 1.6565243005752563,
  "val_mean_squared_error": 1.6565243005752563,
  "val_mean_absolute_error": 0.9826614260673523,
  "epoch": 33,
  "global_step": 5100
}