{
  "loss": 2.3992786407470703,
  "mean_squared_error": 2.3992786407470703,
  "mean_absolute_error": 1.1506332159042358,
  "val_loss": 2.2362706661224365,
  "val_mean_squared_error": 2.2362706661224365,
  "val_mean_absolute_error": 1.1274502277374268,
  "epoch": 39,
  "global_step": 6000
}