{
  "loss": 1.7019530534744263,
  "mean_squared_error": 1.7019530534744263,
  "mean_absolute_error": 1.0045440196990967,
  "val_loss": 1.934660792350769,
  "val_mean_squared_error": 1.934660792350769,
  "val_mean_absolute_error": 1.092893123626709,
  "epoch": 40,
  "global_step": 6150
}