{
  "loss": 1.893175482749939,
  "mean_squared_error": 1.893175482749939,
  "mean_absolute_error": 1.0476093292236328,
  "val_loss": 2.0885860919952393,
  "val_mean_squared_error": 2.0885860919952393,
  "val_mean_absolute_error": 1.0583913326263428,
  "epoch": 36,
  "global_step": 5550
}