{
  "loss": 1.351702332496643,
  "mean_squared_error": 1.351702332496643,
  "mean_absolute_error": 0.8858651518821716,
  "val_loss": 1.5880324840545654,
  "val_mean_squared_error": 1.5880324840545654,
  "val_mean_absolute_error": 0.952938437461853,
  "epoch": 32,
  "global_step": 4950
}