{
  "loss": 0.6590889096260071,
  "mean_squared_error": 0.6590889096260071,
  "mean_absolute_error": 0.6195142269134521,
  "val_loss": 0.48835813999176025,
  "val_mean_squared_error": 0.48835813999176025,
  "val_mean_absolute_error": 0.5368222594261169,
  "epoch": 48,
  "global_step": 7350
}