{
  "loss": 1.8542529344558716,
  "mean_squared_error": 1.8542529344558716,
  "mean_absolute_error": 1.0323268175125122,
  "val_loss": 2.131760358810425,
  "val_mean_squared_error": 2.131760358810425,
  "val_mean_absolute_error": 1.1288528442382812,
  "epoch": 27,
  "global_step": 4200
}