{
  "loss": 1.3916484117507935,
  "mean_squared_error": 1.3916484117507935,
  "mean_absolute_error": 0.8541837334632874,
  "val_loss": 1.1495431661605835,
  "val_mean_squared_error": 1.1495431661605835,
  "val_mean_absolute_error": 0.8014543056488037,
  "epoch": 49,
  "global_step": 7500
}