{
  "loss": 1.2692382335662842,
  "mean_squared_error": 1.2692382335662842,
  "mean_absolute_error": 0.858210027217865,
  "val_loss": 1.171807885169983,
  "val_mean_squared_error": 1.171807885169983,
  "val_mean_absolute_error": 0.7994102835655212,
  "epoch": 36,
  "global_step": 5550
}