{
  "loss": 1.303977131843567,
  "mean_squared_error": 1.303977131843567,
  "mean_absolute_error": 0.8598906397819519,
  "val_loss": 1.186600685119629,
  "val_mean_squared_error": 1.186600685119629,
  "val_mean_absolute_error": 0.8181874752044678,
  "epoch": 39,
  "global_step": 6000
}