{
  "loss": 2.086519479751587,
  "mean_squared_error": 2.086519479751587,
  "mean_absolute_error": 1.0772053003311157,
  "val_loss": 2.3240225315093994,
  "val_mean_squared_error": 2.3240225315093994,
  "val_mean_absolute_error": 1.1618552207946777,
  "epoch": 33,
  "global_step": 5100
}