{
  "loss": 1.954460620880127,
  "mean_squared_error": 1.954460620880127,
  "mean_absolute_error": 1.0584660768508911,
  "val_loss": 2.1064815521240234,
  "val_mean_squared_error": 2.1064815521240234,
  "val_mean_absolute_error": 1.0515648126602173,
  "epoch": 34,
  "global_step": 5250
}