{
  "loss": 3.884951114654541,
  "mean_squared_error": 3.884951114654541,
  "mean_absolute_error": 1.4638936519622803,
  "val_loss": 3.308912992477417,
  "val_mean_squared_error": 3.308912992477417,
  "val_mean_absolute_error": 1.3514466285705566,
  "epoch": 21,
  "global_step": 3300
}