{
  "loss": 1.7008681297302246,
  "mean_squared_error": 1.7008681297302246,
  "mean_absolute_error": 0.9693912863731384,
  "val_loss": 1.4332373142242432,
  "val_mean_squared_error": 1.4332373142242432,
  "val_mean_absolute_error": 0.8958215117454529,
  "epoch": 28,
  "global_step": 4350
}