{
  "loss": 1.8644927740097046,
  "mean_squared_error": 1.8644927740097046,
  "mean_absolute_error": 1.0331523418426514,
  "val_loss": 2.169987916946411,
  "val_mean_squared_error": 2.169987916946411,
  "val_mean_absolute_error": 1.174993634223938,
  "epoch": 37,
  "global_step": 5700
}