{
  "loss": 0.8678655028343201,
  "mean_squared_error": 0.8678655028343201,
  "mean_absolute_error": 0.7099899649620056,
  "val_loss": 0.7820067405700684,
  "val_mean_squared_error": 0.7820067405700684,
  "val_mean_absolute_error": 0.644264817237854,
  "epoch": 49,
  "global_step": 7500
}