{
  "loss": 1.0639152526855469,
  "mean_squared_error": 1.0639152526855469,
  "mean_absolute_error": 0.7581316232681274,
  "val_loss": 1.0158107280731201,
  "val_mean_squared_error": 1.0158107280731201,
  "val_mean_absolute_error": 0.7650883793830872,
  "epoch": 48,
  "global_step": 7350
}