{
  "loss": 3.6816654205322266,
  "mean_squared_error": 3.6816654205322266,
  "mean_absolute_error": 1.4409444332122803,
  "val_loss": 3.994621992111206,
  "val_mean_squared_error": 3.994621992111206,
  "val_mean_absolute_error": 1.5834777355194092,
  "epoch": 27,
  "global_step": 4200
}