{
  "loss": 0.7828094959259033,
  "mean_squared_error": 0.7828094959259033,
  "mean_absolute_error": 0.6740205883979797,
  "val_loss": 0.6364683508872986,
  "val_mean_squared_error": 0.6364683508872986,
  "val_mean_absolute_error": 0.6136726140975952,
  "epoch": 49,
  "global_step": 7500
}