{
  "loss": 1.3920962810516357,
  "mean_squared_error": 1.3920962810516357,
  "mean_absolute_error": 0.888812780380249,
  "val_loss": 1.5266203880310059,
  "val_mean_squared_error": 1.5266203880310059,
  "val_mean_absolute_error": 0.9415690302848816,
  "epoch": 40,
  "global_step": 6150
}