{
  "loss": 1.1272376775741577,
  "mean_squared_error": 1.1272376775741577,
  "mean_absolute_error": 0.7987481951713562,
  "val_loss": 1.086914300918579,
  "val_mean_squared_error": 1.086914300918579,
  "val_mean_absolute_error": 0.7824625968933105,
  "epoch": 43,
  "global_step": 6600
}