{
  "loss": 0.8298806548118591,
  "mean_squared_error": 0.8298806548118591,
  "mean_absolute_error": 0.688129723072052,
  "val_loss": 0.7203183770179749,
  "val_mean_squared_error": 0.7203183770179749,
  "val_mean_absolute_error": 0.6686773300170898,
  "epoch": 43,
  "global_step": 6600
}