{
  "loss": 2.2437429428100586,
  "mean_squared_error": 2.2437429428100586,
  "mean_absolute_error": 1.1140307188034058,
  "val_loss": 1.901459813117981,
  "val_mean_squared_error": 1.901459813117981,
  "val_mean_absolute_error": 1.0313504934310913,
  "epoch": 26,
  "global_step": 4050
}