{
  "loss": 0.720486581325531,
  "mean_squared_error": 0.720486581325531,
  "mean_absolute_error": 0.644519567489624,
  "val_loss": 0.6910422444343567,
  "val_mean_squared_error": 0.6910422444343567,
  "val_mean_absolute_error": 0.6030715703964233,
  "epoch": 48,
  "global_step": 7350
}