{
  "loss": 1.095027208328247,
  "mean_squared_error": 1.095027208328247,
  "mean_absolute_error": 0.7981644868850708,
  "val_loss": 0.9665363430976868,
  "val_mean_squared_error": 0.9665363430976868,
  "val_mean_absolute_error": 0.7531358003616333,
  "epoch": 46,
  "global_step": 7050
}