{
  "loss": 1.3997546434402466,
  "mean_squared_error": 1.3997546434402466,
  "mean_absolute_error": 0.8890763521194458,
  "val_loss": 1.4076389074325562,
  "val_mean_squared_error": 1.4076389074325562,
  "val_mean_absolute_error": 0.9319033622741699,
  "epoch": 46,
  "global_step": 7050
}