{
  "loss": 1.1168439388275146,
  "mean_squared_error": 1.1168439388275146,
  "mean_absolute_error": 0.8059441447257996,
  "val_loss": 1.152238130569458,
  "val_mean_squared_error": 1.152238130569458,
  "val_mean_absolute_error": 0.7951560616493225,
  "epoch": 48,
  "global_step": 7350
}