{
  "loss": 2.9814295768737793,
  "mean_squared_error": 2.9814295768737793,
  "mean_absolute_error": 1.2748852968215942,
  "val_loss": 2.6634769439697266,
  "val_mean_squared_error": 2.6634769439697266,
  "val_mean_absolute_error": 1.2579898834228516,
  "epoch": 29,
  "global_step": 4500
}