{
  "loss": 1.086735486984253,
  "mean_squared_error": 1.086735486984253,
  "mean_absolute_error": 0.7903546690940857,
  "val_loss": 1.0676175355911255,
  "val_mean_squared_error": 1.0676175355911255,
  "val_mean_absolute_error": 0.7592754364013672,
  "epoch": 47,
  "global_step": 7200
}