{
  "loss": 0.8081069588661194,
  "mean_squared_error": 0.8081069588661194,
  "mean_absolute_error": 0.6758473515510559,
  "val_loss": 0.7506377100944519,
  "val_mean_squared_error": 0.7506377100944519,
  "val_mean_absolute_error": 0.6311682462692261,
  "epoch": 48,
  "global_step": 7350
}