{
  "loss": 1.127032995223999,
  "mean_squared_error": 1.127032995223999,
  "mean_absolute_error": 0.7888648509979248,
  "val_loss": 1.2706934213638306,
  "val_mean_squared_error": 1.2706934213638306,
  "val_mean_absolute_error": 0.8318772912025452,
  "epoch": 48,
  "global_step": 7350
}