{
  "loss": 1.1615424156188965,
  "mean_squared_error": 1.1615424156188965,
  "mean_absolute_error": 0.8038248419761658,
  "val_loss": 1.0721286535263062,
  "val_mean_squared_error": 1.0721286535263062,
  "val_mean_absolute_error": 0.759789764881134,
  "epoch": 48,
  "global_step": 7350
}