{
  "loss": 1.0862042903900146,
  "mean_squared_error": 1.0862042903900146,
  "mean_absolute_error": 0.7790798544883728,
  "val_loss": 1.4177188873291016,
  "val_mean_squared_error": 1.4177188873291016,
  "val_mean_absolute_error": 0.8721616864204407,
  "epoch": 41,
  "global_step": 6300
}