{
  "loss": 1.3150640726089478,
  "mean_squared_error": 1.3150640726089478,
  "mean_absolute_error": 0.8692358136177063,
  "val_loss": 1.6157861948013306,
  "val_mean_squared_error": 1.6157861948013306,
  "val_mean_absolute_error": 1.0171676874160767,
  "epoch": 39,
  "global_step": 6000
}