{
  "loss": 1.1275534629821777,
  "mean_squared_error": 1.1275534629821777,
  "mean_absolute_error": 0.7975798845291138,
  "val_loss": 1.0555232763290405,
  "val_mean_squared_error": 1.0555232763290405,
  "val_mean_absolute_error": 0.8119342923164368,
  "epoch": 35,
  "global_step": 5400
}