{
  "loss": 1.025514841079712,
  "mean_squared_error": 1.025514841079712,
  "mean_absolute_error": 0.7650964856147766,
  "val_loss": 1.186317801475525,
  "val_mean_squared_error": 1.186317801475525,
  "val_mean_absolute_error": 0.8098359704017639,
  "epoch": 45,
  "global_step": 6900
}