{
  "loss": 1.7611565589904785,
  "mean_squared_error": 1.7611565589904785,
  "mean_absolute_error": 1.0017338991165161,
  "val_loss": 1.674283504486084,
  "val_mean_squared_error": 1.674283504486084,
  "val_mean_absolute_error": 0.983186662197113,
  "epoch": 26,
  "global_step": 4050
}