{
  "loss": 2.0220894813537598,
  "mean_squared_error": 2.0220894813537598,
  "mean_absolute_error": 1.0655690431594849,
  "val_loss": 1.8819775581359863,
  "val_mean_squared_error": 1.8819775581359863,
  "val_mean_absolute_error": 0.9999400973320007,
  "epoch": 35,
  "global_step": 5400
}