{
  "loss": 2.1727938652038574,
  "mean_squared_error": 2.1727938652038574,
  "mean_absolute_error": 1.1061878204345703,
  "val_loss": 1.9951767921447754,
  "val_mean_squared_error": 1.9951767921447754,
  "val_mean_absolute_error": 1.0010292530059814,
  "epoch": 29,
  "global_step": 4500
}