{
  "loss": 0.7034136056900024,
  "mean_squared_error": 0.7034136056900024,
  "mean_absolute_error": 0.6405158638954163,
  "val_loss": 0.48233938217163086,
  "val_mean_squared_error": 0.48233938217163086,
  "val_mean_absolute_error": 0.5189459919929504,
  "epoch": 47,
  "global_step": 7200
}