{
  "loss": 0.8317781090736389,
  "mean_squared_error": 0.8317781090736389,
  "mean_absolute_error": 0.6926072239875793,
  "val_loss": 0.5773279070854187,
  "val_mean_squared_error": 0.5773279070854187,
  "val_mean_absolute_error": 0.5811695456504822,
  "epoch": 44,
  "global_step": 6750
}