{
  "loss": 1.86339271068573,
  "mean_squared_error": 1.86339271068573,
  "mean_absolute_error": 1.0167852640151978,
  "val_loss": 1.7689235210418701,
  "val_mean_squared_error": 1.7689235210418701,
  "val_mean_absolute_error": 1.0215506553649902,
  "epoch": 49,
  "global_step": 7500
}