{
  "loss": 2.524561882019043,
  "mean_squared_error": 2.524561882019043,
  "mean_absolute_error": 1.184174656867981,
  "val_loss": 2.287421464920044,
  "val_mean_squared_error": 2.287421464920044,
  "val_mean_absolute_error": 1.1456832885742188,
  "epoch": 19,
  "global_step": 3000
}