{
  "loss": 0.8295770883560181,
  "mean_squared_error": 0.8295770883560181,
  "mean_absolute_error": 0.694994330406189,
  "val_loss": 0.9825105667114258,
  "val_mean_squared_error": 0.9825105667114258,
  "val_mean_absolute_error": 0.7672083973884583,
  "epoch": 47,
  "global_step": 7200
}