{
  "loss": 1.30027174949646,
  "mean_squared_error": 1.30027174949646,
  "mean_absolute_error": 0.8664999604225159,
  "val_loss": 1.1056166887283325,
  "val_mean_squared_error": 1.1056166887283325,
  "val_mean_absolute_error": 0.7880474328994751,
  "epoch": 44,
  "global_step": 6750
}