{
  "loss": 1.597965121269226,
  "mean_squared_error": 1.597965121269226,
  "mean_absolute_error": 0.9510764479637146,
  "val_loss": 1.4930404424667358,
  "val_mean_squared_error": 1.4930404424667358,
  "val_mean_absolute_error": 0.9156131148338318,
  "epoch": 49,
  "global_step": 7500
}