{
  "loss": 1.30141282081604,
  "mean_squared_error": 1.30141282081604,
  "mean_absolute_error": 0.856552243232727,
  "val_loss": 1.2816789150238037,
  "val_mean_squared_error": 1.2816789150238037,
  "val_mean_absolute_error": 0.847841203212738,
  "epoch": 40,
  "global_step": 6150
}