{
  "loss": 120.76631164550781,
  "mean_squared_error": 120.76631164550781,
  "mean_absolute_error": 7.676049709320068,
  "val_loss": 163.166748046875,
  "val_mean_squared_error": 163.166748046875,
  "val_mean_absolute_error": 9.771087646484375,
  "epoch": 1,
  "global_step": 300
}