{
  "loss": 1.2829933166503906,
  "mean_squared_error": 1.2829933166503906,
  "mean_absolute_error": 0.8548598289489746,
  "val_loss": 1.2314519882202148,
  "val_mean_squared_error": 1.2314519882202148,
  "val_mean_absolute_error": 0.8332459926605225,
  "epoch": 36,
  "global_step": 5550
}