{
  "loss": 1.3435142040252686,
  "mean_squared_error": 1.3435142040252686,
  "mean_absolute_error": 0.8677782416343689,
  "val_loss": 1.4791665077209473,
  "val_mean_squared_error": 1.4791665077209473,
  "val_mean_absolute_error": 0.9178286790847778,
  "epoch": 37,
  "global_step": 5700
}