{
  "loss": 0.695052981376648,
  "mean_squared_error": 0.695052981376648,
  "mean_absolute_error": 0.6311030983924866,
  "val_loss": 0.6562849879264832,
  "val_mean_squared_error": 0.6562849879264832,
  "val_mean_absolute_error": 0.6132873892784119,
  "epoch": 46,
  "global_step": 7050
}