{
  "loss": 0.8760666847229004,
  "mean_squared_error": 0.8760666847229004,
  "mean_absolute_error": 0.7140254974365234,
  "val_loss": 0.66803377866745,
  "val_mean_squared_error": 0.66803377866745,
  "val_mean_absolute_error": 0.6307873725891113,
  "epoch": 38,
  "global_step": 5850
}