{
  "loss": 0.7758244276046753,
  "mean_squared_error": 0.7758244276046753,
  "mean_absolute_error": 0.6705967783927917,
  "val_loss": 0.7369238138198853,
  "val_mean_squared_error": 0.7369238138198853,
  "val_mean_absolute_error": 0.6386840343475342,
  "epoch": 49,
  "global_step": 7500
}