{
  "loss": 3.3766791820526123,
  "mean_squared_error": 3.3766791820526123,
  "mean_absolute_error": 1.3662388324737549,
  "val_loss": 3.4021875858306885,
  "val_mean_squared_error": 3.4021875858306885,
  "val_mean_absolute_error": 1.3518167734146118,
  "epoch": 24,
  "global_step": 3750
}