{
  "loss": 2.470720052719116,
  "mean_squared_error": 2.470720052719116,
  "mean_absolute_error": 1.1843147277832031,
  "val_loss": 2.144047737121582,
  "val_mean_squared_error": 2.144047737121582,
  "val_mean_absolute_error": 1.0883853435516357,
  "epoch": 40,
  "global_step": 6150
}