{
  "loss": 1.6500664949417114,
  "mean_squared_error": 1.6500664949417114,
  "mean_absolute_error": 0.9654032588005066,
  "val_loss": 1.7638130187988281,
  "val_mean_squared_error": 1.7638130187988281,
  "val_mean_absolute_error": 1.013450026512146,
  "epoch": 34,
  "global_step": 5250
}