{
  "loss": 1.3989509344100952,
  "mean_squared_error": 1.3989509344100952,
  "mean_absolute_error": 0.8886918425559998,
  "val_loss": 1.3646818399429321,
  "val_mean_squared_error": 1.3646818399429321,
  "val_mean_absolute_error": 0.8428047895431519,
  "epoch": 48,
  "global_step": 7350
}