{
  "loss": 0.914394736289978,
  "mean_squared_error": 0.914394736289978,
  "mean_absolute_error": 0.7252681851387024,
  "val_loss": 1.354091763496399,
  "val_mean_squared_error": 1.354091763496399,
  "val_mean_absolute_error": 0.9426378607749939,
  "epoch": 39,
  "global_step": 6000
}