{
  "loss": 0.9074385762214661,
  "mean_squared_error": 0.9074385762214661,
  "mean_absolute_error": 0.7335819602012634,
  "val_loss": 0.8750788569450378,
  "val_mean_squared_error": 0.8750788569450378,
  "val_mean_absolute_error": 0.7210458517074585,
  "epoch": 41,
  "global_step": 6300
}