{
  "loss": 1.5323060750961304,
  "mean_squared_error": 1.5323060750961304,
  "mean_absolute_error": 0.9359951615333557,
  "val_loss": 1.4542183876037598,
  "val_mean_squared_error": 1.4542183876037598,
  "val_mean_absolute_error": 0.9344097971916199,
  "epoch": 49,
  "global_step": 7500
}