{
  "loss": 2.132070779800415,
  "mean_squared_error": 2.132070779800415,
  "mean_absolute_error": 1.0897884368896484,
  "val_loss": 1.8349050283432007,
  "val_mean_squared_error": 1.8349050283432007,
  "val_mean_absolute_error": 1.015851616859436,
  "epoch": 41,
  "global_step": 6300
}