{
  "loss": 0.7147037386894226,
  "mean_squared_error": 0.7147037386894226,
  "mean_absolute_error": 0.6420398354530334,
  "val_loss": 0.6577549576759338,
  "val_mean_squared_error": 0.6577549576759338,
  "val_mean_absolute_error": 0.6219636797904968,
  "epoch": 49,
  "global_step": 7500
}