{
  "loss": 0.6815987229347229,
  "mean_squared_error": 0.6815987229347229,
  "mean_absolute_error": 0.6315522789955139,
  "val_loss": 0.6257367134094238,
  "val_mean_squared_error": 0.6257367134094238,
  "val_mean_absolute_error": 0.5897518396377563,
  "epoch": 49,
  "global_step": 7500
}