{
  "loss": 2.4386894702911377,
  "mean_squared_error": 2.4386894702911377,
  "mean_absolute_error": 1.1811292171478271,
  "val_loss": 2.1617562770843506,
  "val_mean_squared_error": 2.1617562770843506,
  "val_mean_absolute_error": 1.0793347358703613,
  "epoch": 28,
  "global_step": 4350
}