{
  "loss": 2.6253457069396973,
  "mean_squared_error": 2.6253457069396973,
  "mean_absolute_error": 1.167971134185791,
  "val_loss": 2.528653144836426,
  "val_mean_squared_error": 2.528653144836426,
  "val_mean_absolute_error": 1.095070719718933,
  "epoch": 46,
  "global_step": 7050
}