{
  "loss": 3.340546131134033,
  "mean_squared_error": 3.340546131134033,
  "mean_absolute_error": 1.3722150325775146,
  "val_loss": 2.954927921295166,
  "val_mean_squared_error": 2.954927921295166,
  "val_mean_absolute_error": 1.2552684545516968,
  "epoch": 31,
  "global_step": 4800
}