{
  "loss": 1.856805682182312,
  "mean_squared_error": 1.856805682182312,
  "mean_absolute_error": 1.0163432359695435,
  "val_loss": 1.5092575550079346,
  "val_mean_squared_error": 1.5092575550079346,
  "val_mean_absolute_error": 0.9042928218841553,
  "epoch": 49,
  "global_step": 7500
}