{
  "loss": 1.3792223930358887,
  "mean_squared_error": 1.3792223930358887,
  "mean_absolute_error": 0.8860957026481628,
  "val_loss": 1.6086913347244263,
  "val_mean_squared_error": 1.6086913347244263,
  "val_mean_absolute_error": 0.9411487579345703,
  "epoch": 32,
  "global_step": 4950
}