{
  "loss": 2.071148633956909,
  "mean_squared_error": 2.071148633956909,
  "mean_absolute_error": 1.0866272449493408,
  "val_loss": 2.6633658409118652,
  "val_mean_squared_error": 2.6633658409118652,
  "val_mean_absolute_error": 1.3082070350646973,
  "epoch": 36,
  "global_step": 5550
}