{
  "loss": 1.3660061359405518,
  "mean_squared_error": 1.3660061359405518,
  "mean_absolute_error": 0.8603780269622803,
  "val_loss": 1.137575626373291,
  "val_mean_squared_error": 1.137575626373291,
  "val_mean_absolute_error": 0.802631139755249,
  "epoch": 49,
  "global_step": 7500
}