{
  "loss": 0.932621955871582,
  "mean_squared_error": 0.932621955871582,
  "mean_absolute_error": 0.7192053198814392,
  "val_loss": 0.9053216576576233,
  "val_mean_squared_error": 0.9053216576576233,
  "val_mean_absolute_error": 0.6999818682670593,
  "epoch": 40,
  "global_step": 6150
}