{
  "loss": 0.8509275317192078,
  "mean_squared_error": 0.8509275317192078,
  "mean_absolute_error": 0.698849618434906,
  "val_loss": 1.0582115650177002,
  "val_mean_squared_error": 1.0582115650177002,
  "val_mean_absolute_error": 0.7653491497039795,
  "epoch": 38,
  "global_step": 5850
}