{
  "loss": 1.6753143072128296,
  "mean_squared_error": 1.6753143072128296,
  "mean_absolute_error": 0.9824805855751038,
  "val_loss": 1.6748201847076416,
  "val_mean_squared_error": 1.6748201847076416,
  "val_mean_absolute_error": 0.9633570313453674,
  "epoch": 27,
  "global_step": 4200
}