{
  "loss": 1.017519235610962,
  "mean_squared_error": 1.017519235610962,
  "mean_absolute_error": 0.7537885308265686,
  "val_loss": 1.2168627977371216,
  "val_mean_squared_error": 1.2168627977371216,
  "val_mean_absolute_error": 0.8675562739372253,
  "epoch": 44,
  "global_step": 6750
}