{
  "loss": 0.8240654468536377,
  "mean_squared_error": 0.8240654468536377,
  "mean_absolute_error": 0.6926253437995911,
  "val_loss": 0.6629257202148438,
  "val_mean_squared_error": 0.6629257202148438,
  "val_mean_absolute_error": 0.621880292892456,
  "epoch": 47,
  "global_step": 7200
}