{
  "loss": 0.6104831695556641,
  "mean_squared_error": 0.6104831695556641,
  "mean_absolute_error": 0.5862095355987549,
  "val_loss": 0.7116823792457581,
  "val_mean_squared_error": 0.7116823792457581,
  "val_mean_absolute_error": 0.6483818292617798,
  "epoch": 39,
  "global_step": 6000
}