{
  "loss": 0.5356020331382751,
  "mean_squared_error": 0.5356020331382751,
  "mean_absolute_error": 0.5501700043678284,
  "val_loss": 0.5775195956230164,
  "val_mean_squared_error": 0.5775195956230164,
  "val_mean_absolute_error": 0.6239106059074402,
  "epoch": 49,
  "global_step": 7500
}