{
  "loss": 1.2936855554580688,
  "mean_squared_error": 1.2936855554580688,
  "mean_absolute_error": 0.853053867816925,
  "val_loss": 1.39326810836792,
  "val_mean_squared_error": 1.39326810836792,
  "val_mean_absolute_error": 0.9215843677520752,
  "epoch": 39,
  "global_step": 6000
}