{
  "loss": 4.7858567237854,
  "mean_squared_error": 4.7858567237854,
  "mean_absolute_error": 1.5826764106750488,
  "val_loss": 4.929539203643799,
  "val_mean_squared_error": 4.929539203643799,
  "val_mean_absolute_error": 1.6555103063583374,
  "epoch": 24,
  "global_step": 3750
}