{
  "loss": 1.6150773763656616,
  "mean_squared_error": 1.6150773763656616,
  "mean_absolute_error": 0.9378370046615601,
  "val_loss": 1.44597327709198,
  "val_mean_squared_error": 1.44597327709198,
  "val_mean_absolute_error": 0.8924468159675598,
  "epoch": 49,
  "global_step": 7500
}