{
  "loss": 1.2569470405578613,
  "mean_squared_error": 1.2569470405578613,
  "mean_absolute_error": 0.8570387959480286,
  "val_loss": 1.251962661743164,
  "val_mean_squared_error": 1.251962661743164,
  "val_mean_absolute_error": 0.8436700701713562,
  "epoch": 43,
  "global_step": 6600
}