{
  "loss": 0.7102071642875671,
  "mean_squared_error": 0.7102071642875671,
  "mean_absolute_error": 0.6269426345825195,
  "val_loss": 0.5930109024047852,
  "val_mean_squared_error": 0.5930109024047852,
  "val_mean_absolute_error": 0.5582236051559448,
  "epoch": 49,
  "global_step": 7500
}