{
  "loss": 0.6460534930229187,
  "mean_squared_error": 0.6460534930229187,
  "mean_absolute_error": 0.6136366128921509,
  "val_loss": 0.6588271856307983,
  "val_mean_squared_error": 0.6588271856307983,
  "val_mean_absolute_error": 0.6191891431808472,
  "epoch": 49,
  "global_step": 7500
}