{
  "loss": 0.648238480091095,
  "mean_squared_error": 0.648238480091095,
  "mean_absolute_error": 0.613110363483429,
  "val_loss": 0.6423940062522888,
  "val_mean_squared_error": 0.6423940062522888,
  "val_mean_absolute_error": 0.6034969091415405,
  "epoch": 49,
  "global_step": 7500
}