{
  "loss": 1.1245418787002563,
  "mean_squared_error": 1.1245418787002563,
  "mean_absolute_error": 0.7877873778343201,
  "val_loss": 1.4858343601226807,
  "val_mean_squared_error": 1.4858343601226807,
  "val_mean_absolute_error": 0.875759482383728,
  "epoch": 28,
  "global_step": 4350
}