{
  "loss": 1.0057904720306396,
  "mean_squared_error": 1.0057904720306396,
  "mean_absolute_error": 0.7696990370750427,
  "val_loss": 1.0435516834259033,
  "val_mean_squared_error": 1.0435516834259033,
  "val_mean_absolute_error": 0.775541365146637,
  "epoch": 44,
  "global_step": 6750
}