{
  "loss": 3.8126916885375977,
  "mean_squared_error": 3.8126916885375977,
  "mean_absolute_error": 1.4531967639923096,
  "val_loss": 3.964743137359619,
  "val_mean_squared_error": 3.964743137359619,
  "val_mean_absolute_error": 1.5530059337615967,
  "epoch": 25,
  "global_step": 3900
}