{
  "loss": 1.1288769245147705,
  "mean_squared_error": 1.1288769245147705,
  "mean_absolute_error": 0.8069571852684021,
  "val_loss": 1.0334235429763794,
  "val_mean_squared_error": 1.0334235429763794,
  "val_mean_absolute_error": 0.7551056146621704,
  "epoch": 48,
  "global_step": 7350
}