{
  "loss": 1.0957744121551514,
  "mean_squared_error": 1.0957744121551514,
  "mean_absolute_error": 0.8007316589355469,
  "val_loss": 0.7455633282661438,
  "val_mean_squared_error": 0.7455633282661438,
  "val_mean_absolute_error": 0.6609715819358826,
  "epoch": 49,
  "global_step": 7500
}