{
  "loss": 1.233421802520752,
  "mean_squared_error": 1.233421802520752,
  "mean_absolute_error": 0.8362591862678528,
  "val_loss": 1.4473720788955688,
  "val_mean_squared_error": 1.4473720788955688,
  "val_mean_absolute_error": 0.9046924114227295,
  "epoch": 46,
  "global_step": 7050
}