{
  "loss": 1.3471331596374512,
  "mean_squared_error": 1.3471331596374512,
  "mean_absolute_error": 0.8685577511787415,
  "val_loss": 0.9751363396644592,
  "val_mean_squared_error": 0.9751363396644592,
  "val_mean_absolute_error": 0.7392948269844055,
  "epoch": 49,
  "global_step": 7500
}