{
  "loss": 1.1608308553695679,
  "mean_squared_error": 1.1608308553695679,
  "mean_absolute_error": 0.8242566585540771,
  "val_loss": 0.8553546071052551,
  "val_mean_squared_error": 0.8553546071052551,
  "val_mean_absolute_error": 0.7011817693710327,
  "epoch": 48,
  "global_step": 7350
}