{
  "loss": 0.4266674816608429,
  "mean_squared_error": 0.4266674816608429,
  "mean_absolute_error": 0.49514448642730713,
  "val_loss": 0.35943377017974854,
  "val_mean_squared_error": 0.35943377017974854,
  "val_mean_absolute_error": 0.45765554904937744,
  "epoch": 49,
  "global_step": 7500
}