{
  "loss": 0.6994006037712097,
  "mean_squared_error": 0.6994006037712097,
  "mean_absolute_error": 0.6391178369522095,
  "val_loss": 0.7032946944236755,
  "val_mean_squared_error": 0.7032946944236755,
  "val_mean_absolute_error": 0.6457694172859192,
  "epoch": 43,
  "global_step": 6600
}