{
  "loss": 1.127160668373108,
  "mean_squared_error": 1.127160668373108,
  "mean_absolute_error": 0.7929380536079407,
  "val_loss": 0.9034605026245117,
  "val_mean_squared_error": 0.9034605026245117,
  "val_mean_absolute_error": 0.6984543800354004,
  "epoch": 49,
  "global_step": 7500
}