{
  "loss": 0.6860165596008301,
  "mean_squared_error": 0.6860165596008301,
  "mean_absolute_error": 0.6162760257720947,
  "val_loss": 0.5690842866897583,
  "val_mean_squared_error": 0.5690842866897583,
  "val_mean_absolute_error": 0.5618149042129517,
  "epoch": 49,
  "global_step": 7500
}