{
  "loss": 0.6756849884986877,
  "mean_squared_error": 0.6756849884986877,
  "mean_absolute_error": 0.6265532970428467,
  "val_loss": 0.5237693786621094,
  "val_mean_squared_error": 0.5237693786621094,
  "val_mean_absolute_error": 0.5316968560218811,
  "epoch": 49,
  "global_step": 7500
}