{
  "loss": 2.0055410861968994,
  "mean_squared_error": 2.0055410861968994,
  "mean_absolute_error": 1.0743476152420044,
  "val_loss": 2.6108145713806152,
  "val_mean_squared_error": 2.6108145713806152,
  "val_mean_absolute_error": 1.261655330657959,
  "epoch": 27,
  "global_step": 4200
}