{
  "loss": 1.040618896484375,
  "mean_squared_error": 1.040618896484375,
  "mean_absolute_error": 0.7741754055023193,
  "val_loss": 0.8932197093963623,
  "val_mean_squared_error": 0.8932197093963623,
  "val_mean_absolute_error": 0.678755521774292,
  "epoch": 49,
  "global_step": 7500
}