{
  "loss": 1.0795577764511108,
  "mean_squared_error": 1.0795577764511108,
  "mean_absolute_error": 0.7831923365592957,
  "val_loss": 1.0691766738891602,
  "val_mean_squared_error": 1.0691766738891602,
  "val_mean_absolute_error": 0.8018434047698975,
  "epoch": 44,
  "global_step": 6750
}