{
  "loss": 0.9121672511100769,
  "mean_squared_error": 0.9121672511100769,
  "mean_absolute_error": 0.7362902164459229,
  "val_loss": 0.767041027545929,
  "val_mean_squared_error": 0.767041027545929,
  "val_mean_absolute_error": 0.6554685235023499,
  "epoch": 42,
  "global_step": 6450
}