{
  "loss": 1.0832542181015015,
  "mean_squared_error": 1.0832542181015015,
  "mean_absolute_error": 0.7792772650718689,
  "val_loss": 0.7888701558113098,
  "val_mean_squared_error": 0.7888701558113098,
  "val_mean_absolute_error": 0.6602346897125244,
  "epoch": 48,
  "global_step": 7350
}