{
  "loss": 1.1552479267120361,
  "mean_squared_error": 1.1552479267120361,
  "mean_absolute_error": 0.8204168677330017,
  "val_loss": 1.109134554862976,
  "val_mean_squared_error": 1.109134554862976,
  "val_mean_absolute_error": 0.8051507472991943,
  "epoch": 39,
  "global_step": 6000
}