{
  "loss": 135.41526794433594,
  "mean_squared_error": 135.41526794433594,
  "mean_absolute_error": 8.139298439025879,
  "val_loss": 110.41477966308594,
  "val_mean_squared_error": 110.41477966308594,
  "val_mean_absolute_error": 8.002631187438965,
  "epoch": 1,
  "global_step": 300
}