{
  "loss": 0.6150317192077637,
  "mean_squared_error": 0.6150317192077637,
  "mean_absolute_error": 0.5928283929824829,
  "val_loss": 0.46977925300598145,
  "val_mean_squared_error": 0.46977925300598145,
  "val_mean_absolute_error": 0.5180076360702515,
  "epoch": 47,
  "global_step": 7200
}