{
  "loss": 0.7543790340423584,
  "mean_squared_error": 0.7543790340423584,
  "mean_absolute_error": 0.6553468704223633,
  "val_loss": 0.6896004676818848,
  "val_mean_squared_error": 0.6896004676818848,
  "val_mean_absolute_error": 0.6127700805664062,
  "epoch": 47,
  "global_step": 7200
}