{
  "loss": 0.7820448279380798,
  "mean_squared_error": 0.7820448279380798,
  "mean_absolute_error": 0.6725597381591797,
  "val_loss": 0.6740379333496094,
  "val_mean_squared_error": 0.6740379333496094,
  "val_mean_absolute_error": 0.6398220062255859,
  "epoch": 41,
  "global_step": 6300
}