{
  "loss": 3.565837860107422,
  "mean_squared_error": 3.565837860107422,
  "mean_absolute_error": 1.4219772815704346,
  "val_loss": 3.6999897956848145,
  "val_mean_squared_error": 3.6999897956848145,
  "val_mean_absolute_error": 1.453338623046875,
  "epoch": 29,
  "global_step": 4500
}