{
  "loss": 0.7862983345985413,
  "mean_squared_error": 0.7862983345985413,
  "mean_absolute_error": 0.665381908416748,
  "val_loss": 0.7612857818603516,
  "val_mean_squared_error": 0.7612857818603516,
  "val_mean_absolute_error": 0.612634003162384,
  "epoch": 48,
  "global_step": 7350
}