{
  "loss": 1.674498200416565,
  "mean_squared_error": 1.674498200416565,
  "mean_absolute_error": 0.9797612428665161,
  "val_loss": 1.5596284866333008,
  "val_mean_squared_error": 1.5596284866333008,
  "val_mean_absolute_error": 0.9259554147720337,
  "epoch": 36,
  "global_step": 5550
}