{
  "loss": 1.4447094202041626,
  "mean_squared_error": 1.4447094202041626,
  "mean_absolute_error": 0.9085593819618225,
  "val_loss": 1.30219304561615,
  "val_mean_squared_error": 1.30219304561615,
  "val_mean_absolute_error": 0.8557507395744324,
  "epoch": 38,
  "global_step": 5850
}