{
  "loss": 0.8778349757194519,
  "mean_squared_error": 0.8778349757194519,
  "mean_absolute_error": 0.6993209719657898,
  "val_loss": 1.2599185705184937,
  "val_mean_squared_error": 1.2599185705184937,
  "val_mean_absolute_error": 0.8484143018722534,
  "epoch": 46,
  "global_step": 7050
}