{
  "loss": 1.8430238962173462,
  "mean_squared_error": 1.8430238962173462,
  "mean_absolute_error": 1.0066373348236084,
  "val_loss": 1.7637990713119507,
  "val_mean_squared_error": 1.7637990713119507,
  "val_mean_absolute_error": 0.9816226363182068,
  "epoch": 43,
  "global_step": 6600
}