{
  "loss": 2.2352941036224365,
  "mean_squared_error": 2.2352941036224365,
  "mean_absolute_error": 1.1249710321426392,
  "val_loss": 2.5014331340789795,
  "val_mean_squared_error": 2.5014331340789795,
  "val_mean_absolute_error": 1.1276949644088745,
  "epoch": 31,
  "global_step": 4800
}