{
  "loss": 1.608181357383728,
  "mean_squared_error": 1.608181357383728,
  "mean_absolute_error": 0.9539286494255066,
  "val_loss": 1.8179998397827148,
  "val_mean_squared_error": 1.8179998397827148,
  "val_mean_absolute_error": 0.9970923662185669,
  "epoch": 25,
  "global_step": 3900
}