{
  "loss": 0.6393555998802185,
  "mean_squared_error": 0.6393555998802185,
  "mean_absolute_error": 0.6075222492218018,
  "val_loss": 0.7136767506599426,
  "val_mean_squared_error": 0.7136767506599426,
  "val_mean_absolute_error": 0.609972357749939,
  "epoch": 48,
  "global_step": 7350
}