{
  "loss": 2.2803664207458496,
  "mean_squared_error": 2.2803664207458496,
  "mean_absolute_error": 1.10935378074646,
  "val_loss": 1.7889858484268188,
  "val_mean_squared_error": 1.7889858484268188,
  "val_mean_absolute_error": 0.9618698954582214,
  "epoch": 43,
  "global_step": 6600
}