{
  "loss": 1.3093570470809937,
  "mean_squared_error": 1.3093570470809937,
  "mean_absolute_error": 0.8541009426116943,
  "val_loss": 1.6005486249923706,
  "val_mean_squared_error": 1.6005486249923706,
  "val_mean_absolute_error": 0.942338228225708,
  "epoch": 38,
  "global_step": 5850
}