{
  "loss": 1.2700369358062744,
  "mean_squared_error": 1.2700369358062744,
  "mean_absolute_error": 0.8420312404632568,
  "val_loss": 1.057612419128418,
  "val_mean_squared_error": 1.057612419128418,
  "val_mean_absolute_error": 0.7608112692832947,
  "epoch": 29,
  "global_step": 4500
}