{
  "loss": 1.488290548324585,
  "mean_squared_error": 1.488290548324585,
  "mean_absolute_error": 0.919198215007782,
  "val_loss": 1.5134425163269043,
  "val_mean_squared_error": 1.5134425163269043,
  "val_mean_absolute_error": 0.958540141582489,
  "epoch": 34,
  "global_step": 5250
}