{
  "loss": 0.9836094975471497,
  "mean_squared_error": 0.9836094975471497,
  "mean_absolute_error": 0.7499793767929077,
  "val_loss": 0.8716728687286377,
  "val_mean_squared_error": 0.8716728687286377,
  "val_mean_absolute_error": 0.7054164409637451,
  "epoch": 49,
  "global_step": 7500
}