{
  "loss": 0.6345013380050659,
  "mean_squared_error": 0.6345013380050659,
  "mean_absolute_error": 0.608754575252533,
  "val_loss": 0.5617397427558899,
  "val_mean_squared_error": 0.5617397427558899,
  "val_mean_absolute_error": 0.5417044162750244,
  "epoch": 49,
  "global_step": 7500
}