{
  "loss": 1.5043232440948486,
  "mean_squared_error": 1.5043232440948486,
  "mean_absolute_error": 0.9222716093063354,
  "val_loss": 1.8925853967666626,
  "val_mean_squared_error": 1.8925853967666626,
  "val_mean_absolute_error": 1.032260775566101,
  "epoch": 34,
  "global_step": 5250
}