{
  "loss": 2.2016453742980957,
  "mean_squared_error": 2.2016453742980957,
  "mean_absolute_error": 1.1233607530593872,
  "val_loss": 2.1297624111175537,
  "val_mean_squared_error": 2.1297624111175537,
  "val_mean_absolute_error": 1.0549572706222534,
  "epoch": 20,
  "global_step": 3150
}