{
  "loss": 0.943248987197876,
  "mean_squared_error": 0.943248987197876,
  "mean_absolute_error": 0.7332935333251953,
  "val_loss": 0.9988027811050415,
  "val_mean_squared_error": 0.9988027811050415,
  "val_mean_absolute_error": 0.7459520697593689,
  "epoch": 37,
  "global_step": 5700
}