{
  "loss": 0.4907669126987457,
  "mean_squared_error": 0.4907669126987457,
  "mean_absolute_error": 0.536798894405365,
  "val_loss": 0.5048378705978394,
  "val_mean_squared_error": 0.5048378705978394,
  "val_mean_absolute_error": 0.5249267220497131,
  "epoch": 49,
  "global_step": 7500
}