{
  "loss": 1.437063217163086,
  "mean_squared_error": 1.437063217163086,
  "mean_absolute_error": 0.8968353271484375,
  "val_loss": 1.2783716917037964,
  "val_mean_squared_error": 1.2783716917037964,
  "val_mean_absolute_error": 0.8449823260307312,
  "epoch": 39,
  "global_step": 6000
}