{
  "loss": 0.737296462059021,
  "mean_squared_error": 0.737296462059021,
  "mean_absolute_error": 0.6577895879745483,
  "val_loss": 0.6813984513282776,
  "val_mean_squared_error": 0.6813984513282776,
  "val_mean_absolute_error": 0.6393044590950012,
  "epoch": 43,
  "global_step": 6600
}