{
  "loss": 0.9363701343536377,
  "mean_squared_error": 0.9363701343536377,
  "mean_absolute_error": 0.7317266464233398,
  "val_loss": 0.8109397888183594,
  "val_mean_squared_error": 0.8109397888183594,
  "val_mean_absolute_error": 0.6670563220977783,
  "epoch": 49,
  "global_step": 7500
}