{
  "loss": 1.211543083190918,
  "mean_squared_error": 1.211543083190918,
  "mean_absolute_error": 0.838806688785553,
  "val_loss": 0.9374208450317383,
  "val_mean_squared_error": 0.9374208450317383,
  "val_mean_absolute_error": 0.7345431447029114,
  "epoch": 49,
  "global_step": 7500
}