{
  "loss": 1.1588650941848755,
  "mean_squared_error": 1.1588650941848755,
  "mean_absolute_error": 0.814111053943634,
  "val_loss": 0.9555884599685669,
  "val_mean_squared_error": 0.9555884599685669,
  "val_mean_absolute_error": 0.7158467173576355,
  "epoch": 48,
  "global_step": 7350
}