{
  "loss": 1.1878435611724854,
  "mean_squared_error": 1.1878435611724854,
  "mean_absolute_error": 0.821851372718811,
  "val_loss": 0.9329355955123901,
  "val_mean_squared_error": 0.9329355955123901,
  "val_mean_absolute_error": 0.7254029512405396,
  "epoch": 48,
  "global_step": 7350
}