{
  "loss": 1.4779958724975586,
  "mean_squared_error": 1.4779958724975586,
  "mean_absolute_error": 0.9130625128746033,
  "val_loss": 2.462690591812134,
  "val_mean_squared_error": 2.462690591812134,
  "val_mean_absolute_error": 1.222025990486145,
  "epoch": 35,
  "global_step": 5400
}