{
  "loss": 5.374793529510498,
  "mean_squared_error": 5.374793529510498,
  "mean_absolute_error": 1.695119023323059,
  "val_loss": 5.600221633911133,
  "val_mean_squared_error": 5.600221633911133,
  "val_mean_absolute_error": 1.8510634899139404,
  "epoch": 19,
  "global_step": 3000
}