{
  "loss": 3.41398549079895,
  "mean_squared_error": 3.41398549079895,
  "mean_absolute_error": 1.3856496810913086,
  "val_loss": 3.5302038192749023,
  "val_mean_squared_error": 3.5302038192749023,
  "val_mean_absolute_error": 1.4618571996688843,
  "epoch": 30,
  "global_step": 4650
}