{
  "loss": 0.909302294254303,
  "mean_squared_error": 0.909302294254303,
  "mean_absolute_error": 0.718449592590332,
  "val_loss": 0.9249390959739685,
  "val_mean_squared_error": 0.9249390959739685,
  "val_mean_absolute_error": 0.7266786098480225,
  "epoch": 46,
  "global_step": 7050
}