{
  "loss": 1.589207410812378,
  "mean_squared_error": 1.589207410812378,
  "mean_absolute_error": 0.9439775347709656,
  "val_loss": 1.699926733970642,
  "val_mean_squared_error": 1.699926733970642,
  "val_mean_absolute_error": 1.0161783695220947,
  "epoch": 31,
  "global_step": 4800
}