{
  "loss": 146.62831115722656,
  "mean_squared_error": 146.62831115722656,
  "mean_absolute_error": 8.70943832397461,
  "val_loss": 113.34905242919922,
  "val_mean_squared_error": 113.34905242919922,
  "val_mean_absolute_error": 7.945842266082764,
  "epoch": 1,
  "global_step": 300
}