{
  "loss": 2.089350938796997,
  "mean_squared_error": 2.089350938796997,
  "mean_absolute_error": 1.0739754438400269,
  "val_loss": 2.132535696029663,
  "val_mean_squared_error": 2.132535696029663,
  "val_mean_absolute_error": 1.1478644609451294,
  "epoch": 29,
  "global_step": 4500
}