{
  "loss": 1.652487874031067,
  "mean_squared_error": 1.652487874031067,
  "mean_absolute_error": 0.9633558392524719,
  "val_loss": 1.389980673789978,
  "val_mean_squared_error": 1.389980673789978,
  "val_mean_absolute_error": 0.8470594882965088,
  "epoch": 44,
  "global_step": 6750
}