{
  "loss": 2.8590281009674072,
  "mean_squared_error": 2.8590281009674072,
  "mean_absolute_error": 1.264148235321045,
  "val_loss": 3.105257749557495,
  "val_mean_squared_error": 3.105257749557495,
  "val_mean_absolute_error": 1.2145450115203857,
  "epoch": 27,
  "global_step": 4200
}