{
  "loss": 0.5930562019348145,
  "mean_squared_error": 0.5930562019348145,
  "mean_absolute_error": 0.5862383246421814,
  "val_loss": 0.5649853944778442,
  "val_mean_squared_error": 0.5649853944778442,
  "val_mean_absolute_error": 0.5468778610229492,
  "epoch": 49,
  "global_step": 7500
}