{
  "loss": 1.945539951324463,
  "mean_squared_error": 1.945539951324463,
  "mean_absolute_error": 1.0378178358078003,
  "val_loss": 1.8399044275283813,
  "val_mean_squared_error": 1.8399044275283813,
  "val_mean_absolute_error": 0.9809924364089966,
  "epoch": 32,
  "global_step": 4950
}