{
  "loss": 1.2128539085388184,
  "mean_squared_error": 1.2128539085388184,
  "mean_absolute_error": 0.8299989104270935,
  "val_loss": 1.1428070068359375,
  "val_mean_squared_error": 1.1428070068359375,
  "val_mean_absolute_error": 0.8170244693756104,
  "epoch": 47,
  "global_step": 7200
}