{
  "loss": 0.6481421589851379,
  "mean_squared_error": 0.6481421589851379,
  "mean_absolute_error": 0.607852578163147,
  "val_loss": 0.5348383784294128,
  "val_mean_squared_error": 0.5348383784294128,
  "val_mean_absolute_error": 0.5453714728355408,
  "epoch": 48,
  "global_step": 7350
}