{
  "loss": 1.9222644567489624,
  "mean_squared_error": 1.9222644567489624,
  "mean_absolute_error": 1.0543901920318604,
  "val_loss": 1.8637595176696777,
  "val_mean_squared_error": 1.8637595176696777,
  "val_mean_absolute_error": 1.0228846073150635,
  "epoch": 33,
  "global_step": 5100
}