{
  "loss": 0.9229210615158081,
  "mean_squared_error": 0.9229210615158081,
  "mean_absolute_error": 0.7317409515380859,
  "val_loss": 0.7886042594909668,
  "val_mean_squared_error": 0.7886042594909668,
  "val_mean_absolute_error": 0.6575445532798767,
  "epoch": 48,
  "global_step": 7350
}