{
  "loss": 1.1332241296768188,
  "mean_squared_error": 1.1332241296768188,
  "mean_absolute_error": 0.8116466999053955,
  "val_loss": 1.030182957649231,
  "val_mean_squared_error": 1.030182957649231,
  "val_mean_absolute_error": 0.7331184148788452,
  "epoch": 43,
  "global_step": 6600
}