{
  "loss": 5.473021984100342,
  "mean_squared_error": 5.473021984100342,
  "mean_absolute_error": 1.6968921422958374,
  "val_loss": 4.9508256912231445,
  "val_mean_squared_error": 4.9508256912231445,
  "val_mean_absolute_error": 1.5518583059310913,
  "epoch": 23,
  "global_step": 3600
}