{
  "loss": 0.607944905757904,
  "mean_squared_error": 0.607944905757904,
  "mean_absolute_error": 0.5913943648338318,
  "val_loss": 0.48861458897590637,
  "val_mean_squared_error": 0.48861458897590637,
  "val_mean_absolute_error": 0.5361367464065552,
  "epoch": 49,
  "global_step": 7500
}