{
  "loss": 1.2118359804153442,
  "mean_squared_error": 1.2118359804153442,
  "mean_absolute_error": 0.8256298303604126,
  "val_loss": 1.2813465595245361,
  "val_mean_squared_error": 1.2813465595245361,
  "val_mean_absolute_error": 0.8417055010795593,
  "epoch": 47,
  "global_step": 7200
}