{
  "loss": 0.7076219916343689,
  "mean_squared_error": 0.7076219916343689,
  "mean_absolute_error": 0.6228318214416504,
  "val_loss": 0.698204517364502,
  "val_mean_squared_error": 0.698204517364502,
  "val_mean_absolute_error": 0.6384979486465454,
  "epoch": 48,
  "global_step": 7350
}