{
  "loss": 1.051231861114502,
  "mean_squared_error": 1.051231861114502,
  "mean_absolute_error": 0.7777451872825623,
  "val_loss": 1.047985315322876,
  "val_mean_squared_error": 1.047985315322876,
  "val_mean_absolute_error": 0.793761670589447,
  "epoch": 34,
  "global_step": 5250
}