{
  "loss": 1.8944282531738281,
  "mean_squared_error": 1.8944282531738281,
  "mean_absolute_error": 1.018500804901123,
  "val_loss": 1.931688666343689,
  "val_mean_squared_error": 1.931688666343689,
  "val_mean_absolute_error": 0.9936447143554688,
  "epoch": 33,
  "global_step": 5100
}