{
  "loss": 1.1934536695480347,
  "mean_squared_error": 1.1934536695480347,
  "mean_absolute_error": 0.8277404308319092,
  "val_loss": 1.0903698205947876,
  "val_mean_squared_error": 1.0903698205947876,
  "val_mean_absolute_error": 0.7622862458229065,
  "epoch": 44,
  "global_step": 6750
}