{
  "loss": 1.2337913513183594,
  "mean_squared_error": 1.2337913513183594,
  "mean_absolute_error": 0.83599454164505,
  "val_loss": 1.0178568363189697,
  "val_mean_squared_error": 1.0178568363189697,
  "val_mean_absolute_error": 0.7734193801879883,
  "epoch": 48,
  "global_step": 7350
}