{
  "loss": 20.929813385009766,
  "mean_squared_error": 20.929813385009766,
  "mean_absolute_error": 3.1183102130889893,
  "val_loss": 17.05280303955078,
  "val_mean_squared_error": 17.05280303955078,
  "val_mean_absolute_error": 2.95772123336792,
  "epoch": 6,
  "global_step": 1050
}