{
  "loss": 5.420188903808594,
  "mean_squared_error": 5.420188903808594,
  "mean_absolute_error": 1.7198553085327148,
  "val_loss": 5.1173601150512695,
  "val_mean_squared_error": 5.1173601150512695,
  "val_mean_absolute_error": 1.6286674737930298,
  "epoch": 18,
  "global_step": 2850
}