{
  "loss": 1.327125906944275,
  "mean_squared_error": 1.327125906944275,
  "mean_absolute_error": 0.868842363357544,
  "val_loss": 1.3063507080078125,
  "val_mean_squared_error": 1.3063507080078125,
  "val_mean_absolute_error": 0.8806991577148438,
  "epoch": 42,
  "global_step": 6450
}