{
  "loss": 0.9687528610229492,
  "mean_squared_error": 0.9687528610229492,
  "mean_absolute_error": 0.7346754670143127,
  "val_loss": 0.8872594237327576,
  "val_mean_squared_error": 0.8872594237327576,
  "val_mean_absolute_error": 0.693684458732605,
  "epoch": 49,
  "global_step": 7500
}