{
  "loss": 1.3068236112594604,
  "mean_squared_error": 1.3068236112594604,
  "mean_absolute_error": 0.8773082494735718,
  "val_loss": 1.5288522243499756,
  "val_mean_squared_error": 1.5288522243499756,
  "val_mean_absolute_error": 0.9287073016166687,
  "epoch": 34,
  "global_step": 5250
}