{
  "loss": 1.781185507774353,
  "mean_squared_error": 1.781185507774353,
  "mean_absolute_error": 0.9905534982681274,
  "val_loss": 1.666008472442627,
  "val_mean_squared_error": 1.666008472442627,
  "val_mean_absolute_error": 0.9339736104011536,
  "epoch": 33,
  "global_step": 5100
}