{
  "loss": 0.6772103905677795,
  "mean_squared_error": 0.6772103905677795,
  "mean_absolute_error": 0.6217363476753235,
  "val_loss": 0.6324577927589417,
  "val_mean_squared_error": 0.6324577927589417,
  "val_mean_absolute_error": 0.5925708413124084,
  "epoch": 49,
  "global_step": 7500
}