{
  "loss": 2.0678529739379883,
  "mean_squared_error": 2.0678529739379883,
  "mean_absolute_error": 1.0798333883285522,
  "val_loss": 1.8420634269714355,
  "val_mean_squared_error": 1.8420634269714355,
  "val_mean_absolute_error": 1.031928300857544,
  "epoch": 20,
  "global_step": 3150
}