{
  "loss": 1.568113923072815,
  "mean_squared_error": 1.568113923072815,
  "mean_absolute_error": 0.9430444240570068,
  "val_loss": 1.7575101852416992,
  "val_mean_squared_error": 1.7575101852416992,
  "val_mean_absolute_error": 1.002004623413086,
  "epoch": 37,
  "global_step": 5700
}