{
  "loss": 3.4181933403015137,
  "mean_squared_error": 3.4181933403015137,
  "mean_absolute_error": 1.374854326248169,
  "val_loss": 3.1756222248077393,
  "val_mean_squared_error": 3.1756222248077393,
  "val_mean_absolute_error": 1.277063250541687,
  "epoch": 24,
  "global_step": 3750
}