{
  "loss": 0.6675311923027039,
  "mean_squared_error": 0.6675311923027039,
  "mean_absolute_error": 0.6245256662368774,
  "val_loss": 0.5043653249740601,
  "val_mean_squared_error": 0.5043653249740601,
  "val_mean_absolute_error": 0.5500233173370361,
  "epoch": 49,
  "global_step": 7500
}