{
  "loss": 1.0540674924850464,
  "mean_squared_error": 1.0540674924850464,
  "mean_absolute_error": 0.7747445106506348,
  "val_loss": 0.9149548411369324,
  "val_mean_squared_error": 0.9149548411369324,
  "val_mean_absolute_error": 0.7035462260246277,
  "epoch": 48,
  "global_step": 7350
}