{
  "loss": 1.5751798152923584,
  "mean_squared_error": 1.5751798152923584,
  "mean_absolute_error": 0.9594022631645203,
  "val_loss": 1.343989610671997,
  "val_mean_squared_error": 1.343989610671997,
  "val_mean_absolute_error": 0.8715795874595642,
  "epoch": 32,
  "global_step": 4950
}