{
  "loss": 0.6102030277252197,
  "mean_squared_error": 0.6102030277252197,
  "mean_absolute_error": 0.5839862823486328,
  "val_loss": 0.49478790163993835,
  "val_mean_squared_error": 0.49478790163993835,
  "val_mean_absolute_error": 0.5174387693405151,
  "epoch": 47,
  "global_step": 7200
}