{
  "loss": 0.6069499850273132,
  "mean_squared_error": 0.6069499850273132,
  "mean_absolute_error": 0.5881744623184204,
  "val_loss": 0.7257112860679626,
  "val_mean_squared_error": 0.7257112860679626,
  "val_mean_absolute_error": 0.6607862114906311,
  "epoch": 49,
  "global_step": 7500
}