{
  "loss": 2.1143736839294434,
  "mean_squared_error": 2.1143736839294434,
  "mean_absolute_error": 1.1049503087997437,
  "val_loss": 1.9210156202316284,
  "val_mean_squared_error": 1.9210156202316284,
  "val_mean_absolute_error": 1.0192559957504272,
  "epoch": 28,
  "global_step": 4350
}