{
  "loss": 0.6691370010375977,
  "mean_squared_error": 0.6691370010375977,
  "mean_absolute_error": 0.6260471343994141,
  "val_loss": 0.6000814437866211,
  "val_mean_squared_error": 0.6000814437866211,
  "val_mean_absolute_error": 0.5840314626693726,
  "epoch": 49,
  "global_step": 7500
}