{
  "loss": 1.6649404764175415,
  "mean_squared_error": 1.6649404764175415,
  "mean_absolute_error": 0.9627746343612671,
  "val_loss": 1.7807142734527588,
  "val_mean_squared_error": 1.7807142734527588,
  "val_mean_absolute_error": 0.9608170390129089,
  "epoch": 37,
  "global_step": 5700
}