{
  "loss": 1.1631932258605957,
  "mean_squared_error": 1.1631932258605957,
  "mean_absolute_error": 0.8156780004501343,
  "val_loss": 1.1582146883010864,
  "val_mean_squared_error": 1.1582146883010864,
  "val_mean_absolute_error": 0.8450624346733093,
  "epoch": 42,
  "global_step": 6450
}