{
  "loss": 0.8629629611968994,
  "mean_squared_error": 0.8629629611968994,
  "mean_absolute_error": 0.7073283195495605,
  "val_loss": 0.7162140607833862,
  "val_mean_squared_error": 0.7162140607833862,
  "val_mean_absolute_error": 0.6348190903663635,
  "epoch": 47,
  "global_step": 7200
}