{
  "loss": 2.836573362350464,
  "mean_squared_error": 2.836573362350464,
  "mean_absolute_error": 1.2764371633529663,
  "val_loss": 3.0895867347717285,
  "val_mean_squared_error": 3.0895867347717285,
  "val_mean_absolute_error": 1.3857210874557495,
  "epoch": 22,
  "global_step": 3450
}