{
  "loss": 0.8648081421852112,
  "mean_squared_error": 0.8648081421852112,
  "mean_absolute_error": 0.7031355500221252,
  "val_loss": 0.6266002655029297,
  "val_mean_squared_error": 0.6266002655029297,
  "val_mean_absolute_error": 0.5993948578834534,
  "epoch": 47,
  "global_step": 7200
}