{
  "loss": 1.858909249305725,
  "mean_squared_error": 1.858909249305725,
  "mean_absolute_error": 1.0308595895767212,
  "val_loss": 1.5371772050857544,
  "val_mean_squared_error": 1.5371772050857544,
  "val_mean_absolute_error": 0.9292256832122803,
  "epoch": 44,
  "global_step": 6750
}