{
  "loss": 0.7997151017189026,
  "mean_squared_error": 0.7997151017189026,
  "mean_absolute_error": 0.6766147017478943,
  "val_loss": 0.7164377570152283,
  "val_mean_squared_error": 0.7164377570152283,
  "val_mean_absolute_error": 0.6278983950614929,
  "epoch": 49,
  "global_step": 7500
}