{
  "loss": 2.063337802886963,
  "mean_squared_error": 2.063337802886963,
  "mean_absolute_error": 1.0851823091506958,
  "val_loss": 2.396200656890869,
  "val_mean_squared_error": 2.396200656890869,
  "val_mean_absolute_error": 1.2215877771377563,
  "epoch": 34,
  "global_step": 5250
}