{
  "loss": 1.5794121026992798,
  "mean_squared_error": 1.5794121026992798,
  "mean_absolute_error": 0.9343602657318115,
  "val_loss": 1.4734563827514648,
  "val_mean_squared_error": 1.4734563827514648,
  "val_mean_absolute_error": 0.9315582513809204,
  "epoch": 33,
  "global_step": 5100
}